run,method,scenario,hit_rate,latency_ms,miss_rate
1,LRU,distributed,72.4,84.2,27.6
2,LRU,distributed,73.1,82.7,26.9
3,LRU,distributed,71.8,86.1,28.2

1,LFU,distributed,76.1,78.5,23.9
2,LFU,distributed,75.4,79.3,24.6
3,LFU,distributed,77.0,77.8,23.0

1,Adaptive,distributed,82.8,68.9,17.2
2,Adaptive,distributed,83.4,67.5,16.6
3,Adaptive,distributed,82.1,69.4,17.9

1,Predictive,distributed,84.7,63.8,15.3
2,Predictive,distributed,85.2,62.1,14.8
3,Predictive,distributed,84.1,64.5,15.9

1,CacheMissPrediction,distributed,81.3,68.4,18.7
2,CacheMissPrediction,distributed,80.9,69.1,19.1
3,CacheMissPrediction,distributed,81.8,67.7,18.2